-- MySQL dump 10.13  Distrib 5.6.32, for Linux (x86_64)
--
-- Host: localhost    Database: library_portal
-- ------------------------------------------------------
-- Server version	5.6.32

/*!40101 SET @OLD_CHARACTER_SET_CLIENT=@@CHARACTER_SET_CLIENT */;
/*!40101 SET @OLD_CHARACTER_SET_RESULTS=@@CHARACTER_SET_RESULTS */;
/*!40101 SET @OLD_COLLATION_CONNECTION=@@COLLATION_CONNECTION */;
/*!40101 SET NAMES utf8 */;
/*!40103 SET @OLD_TIME_ZONE=@@TIME_ZONE */;
/*!40103 SET TIME_ZONE='+00:00' */;
/*!40014 SET @OLD_UNIQUE_CHECKS=@@UNIQUE_CHECKS, UNIQUE_CHECKS=0 */;
/*!40014 SET @OLD_FOREIGN_KEY_CHECKS=@@FOREIGN_KEY_CHECKS, FOREIGN_KEY_CHECKS=0 */;
/*!40101 SET @OLD_SQL_MODE=@@SQL_MODE, SQL_MODE='NO_AUTO_VALUE_ON_ZERO' */;
/*!40111 SET @OLD_SQL_NOTES=@@SQL_NOTES, SQL_NOTES=0 */;

--
-- Table structure for table `books`
--

DROP TABLE IF EXISTS `books`;
/*!40101 SET @saved_cs_client     = @@character_set_client */;
/*!40101 SET character_set_client = utf8 */;
CREATE TABLE `books` (
  `book_id` int(10) NOT NULL AUTO_INCREMENT,
  `title` text COLLATE utf8mb4_unicode_ci NOT NULL,
  `author` text COLLATE utf8mb4_unicode_ci NOT NULL,
  `description` text COLLATE utf8mb4_unicode_ci NOT NULL,
  `year` int(4) NOT NULL,
  `cover` text COLLATE utf8mb4_unicode_ci NOT NULL,
  `pages` int(4) NOT NULL,
  `ISBN` text COLLATE utf8mb4_unicode_ci NOT NULL,
  `status` tinyint(1) NOT NULL,
  `date` timestamp NOT NULL DEFAULT CURRENT_TIMESTAMP,
  `event` int(10) DEFAULT NULL,
  PRIMARY KEY (`book_id`),
  KEY `FK_books` (`event`),
  CONSTRAINT `FK_books` FOREIGN KEY (`event`) REFERENCES `events` (`event_id`) ON DELETE CASCADE
) ENGINE=InnoDB AUTO_INCREMENT=67 DEFAULT CHARSET=utf8mb4 COLLATE=utf8mb4_unicode_ci;
/*!40101 SET character_set_client = @saved_cs_client */;

--
-- Dumping data for table `books`
--

LOCK TABLES `books` WRITE;
/*!40000 ALTER TABLE `books` DISABLE KEYS */;
INSERT INTO `books` VALUES (22,'СИ++ И КОМПЬЮТЕРНАЯ ГРАФИКА','Андрей Богуславский','Лекции и практикум по программированию на Си++',2003,'',351,'',0,'2014-08-27 14:25:46',NULL),(23,'Программирование на языке Go!','Марк Саммерфильд','Разработка приложений XXI века zzz',2013222,'',580,'',0,'2015-08-27 14:25:46',NULL),(25,'Толковый словарь сетевых терминов и аббревиатур','М., Вильямс','Официальное издание CISCO Systems',2001,'',366,'',0,'2016-08-27 14:25:48',NULL),(26,'Python for Data Analysis','Уэс Маккинни','В книге \"Python и анализ данных\" рассматриваются вопросы переформатирования, очистки и обработки данных на Python. Ее можно также рассматривать как современное практическое введение в разработку научных приложений на Python, ориентированных, главным образом, обработку данных. Это книга о тех частях языка Python и библиотек для него, которые необходимы для эффективного решения широкого круга аналитических задач. Книга принадлежит перу Уэса Маккинни, основного автора библиотеки pandas, и содержит великое множество практических примеров. Она идеально подойдет как аналитикам, только начинающим осваивать, так и опытным программистам на Python, еще не знакомым с научными приложениями.',2015,'cover',482,'978-5-97060-315-4',1,'2016-09-01 07:49:48',NULL),(27,'Thinking in Java (4th Edition)','Брюс Эккель','Впервые читатель может познакомиться с полной версией этого классического труда, который ранее на русском языке печатался в сокращении. Книга, выдержавшая в оригинале не одно переиздание, за глубокое и поистине философское изложение тонкостей языка Java считается одним из лучших пособий для программистов. Чтобы по-настоящему понять язык Java, необходимо рассматривать его не просто как набор неких команд и операторов, а понять его «философию», подход к решению задач, в сравнении с таковыми в других языках программирования. На этих страницах автор рассказывает об основных проблемах написания кода: в чем их природа и какой подход использует Java в их разрешении. Поэтому обсуждаемые в каждой главе черты языка неразрывно связаны с тем, как они используются для решения определенных задач.',2015,'cover',1168,'978-5-496-01127-3',1,'2016-09-01 07:53:06',NULL),(29,'Introduction to Algorithms',' 	Томас Кормен, Чарльз Лейзерсон, Рональд Ривест, Клиффорд Штайн','Книга \"Алгоритмы. Построение и анализ\" удачно объединяет в себе полноту охвата и строгость изложения материала. Много книг, посвященных алгоритмам, отличается строгостью изложения материала, но страдает определенной неполнотой; другие книги охватывают огромный объем материала, но недостаточно строго излагают его. В книге \"Алгоритмы. Построение и анализ\" описаны самые разнообразные алгоритмы, сочетается широкий диапазон тем с глубиной и полнотой изложения; при этом изложение доступно для читателей самого разного уровня подготовки. Каждая глава книги относительно самодостаточна и может использоваться в качестве отдельной темы для изучения. Алгоритмы в книге \"Алгоритмы. Построение и анализ\" описаны простым человеческим языком и с применением псевдокода, который понятен любому, кто хоть в небольшой степени знаком с программированием, а пояснения принципов их работы даны без излишней математической строгости и требуют лишь элементарных знаний.',2015,'cover',1328,'978-5-8459-2016-4, 978-0-2620-3384-8',1,'2016-09-01 08:21:05',NULL),(31,'JavaScript Pocket Reference','Дэвид Флэнаган','JavaScript — популярнейший язык программирования, который уже более 15 лет применяется для написания сценариев интерактивных веб-страниц. В книге представлены наиболее важные сведения о синтаксисе языка и показаны примеры его практического применения. Несмотря на малый объем карманного издания, в нем содержится все, что необходимо знать для разработки профессиональных веб-приложений.',2013,'cover',320,'978-5-8459-1830-7',1,'2016-09-01 08:26:44',NULL),(32,'Adaptive Code via C#: Class and Interface Design, Design Patterns, and SOLID Principles','Гэри Маклин Холл','эри Маклин Холл является опытным разработчиком приложений на платформе .NET корпорации Microsoft и специализируется на применении проектных шаблонов, уделяя особое внимание написанию кода, способного адаптироваться к изменениям.\nВ этой книге рассматриваются практические вопросы гибкой разработки адаптивного кода с помощью проектных шаблонов и принципов SOLID: единственной ответственности, открытости-закрытости, подстановки Лисков, разделения интерфейса, внедрения зависимостей. В ней рассматривается организация процесса гибкой разработки приложений на C# по методике Scrum, выявление зависимостей и эффективного управления ними, программирование интерфейсов, применение шаблонов и исключение антишаблонов, модульное тестирование и реорганизация кода. Передовые методики и приемы гибкой разработки приспосабливающегося к изменениям кода обсуждаются на конкретных примерах, а в конце книги - на практическом примере отдельного проекта.',2015,'cover',432,'978-5-8459-1991-5, 978-0-7356-8320-4',1,'2016-09-01 08:44:10',NULL),(33,'SQL: The Complete Referenc',' 	Джеймс Р. Грофф','Эта книга расскажет вам, как работать с командами и инструкциями SQL, создавать и настраивать реляционные базы данных, загружать и модифицировать объекты баз данных, выполнять мощные запросы, повышать производительность и выстраивать систему безопасности. Вы узнаете, как использовать инструкции DDL и применять API, интегрировать XML и сценарии Java, использовать объекты SQL, создавать веб-серверы, работать с удаленным доступом и выполнять распределенные транзакции. В этой книге вы найдете такие сведения, как описания работы с базами данных в памяти, потоковыми и встраиваемыми базами данных, базами данных для мобильных и наладонных устройств, и многое другое.',2015,'cover',960,'978-5-8459-1654-9',1,'2016-09-01 08:59:13',NULL),(34,'PHP and MySQL Web Development','Люк Веллинг','Исчерпывающее учебное пособие по разработке веб-приложений, управляемых базами данных, с использованием PHP и MySQL! Эта книга предназначена для тех, кто знаком с основами HTML и ранее разрабатывал программы на современных языках программирования, но, возможно, не занимался программированием для Веб или не использовал реляционные базы данных. В ней подробно описано применение последних версий PHP и MySQL для построения крупных коммерческих Web-сайтов. Основное внимание в книге уделено реальным приложениям. Здесь рассматриваются как простые интерактивные системы приема заказов, так и различные аспекты электронных систем продажи и безопасности во взаимосвязи с созданием реального Web-сайта. Подробно описаны все стадии разработки множества типовых проектов на PHP и MySQL, в числе которых служба веб-почты, приложение поддержки Web-форумов и электронный книжный магазин. Заслуживают особого внимания главы, посвященные объектно-ориентированному программированию на PHP, динамической генерации документов, доступу к веб-службам с помощью XML и SOAP и созданию приложений Web 2.0 с помощью Ajax. Основное отличие этого издания от предыдущего состоит в том, что материалы и весь исходный код полностью переписаны для новых версий PHP 5.3 и MySQL 5.1. Книга ориентирована на профессиональных разработчиков, но будет полезной и начинающим. PHP и MySQL представляют собой популярные технологии с открытым исходным кодом, которые практически идеально подходят для быстрой и эффективной разработки веб-приложений, управляемых базами данных.',2010,'cover',848,'978-5-8459-1574-0',1,'2016-09-01 09:02:33',NULL),(35,'Статистический анализ и визуализация данных с помощью R','Сергей Мастицкий','\n\nСегодня язык R является безусловным лидером среди свободно распространяемых систем статистического анализа. Ведущие университеты мира, аналитики крупнейших компаний и исследовательских центров регулярно используют R при проведении научно-технических расчетов и создании крупных информационных проектов. Широкое преподавание статистики на базе этой системы и всемерная поддержка научным сообществом обусловили то, что приведение скриптов кода па языке R постепенно становится общепризнанным стандартом как в журнальных публикациях, так и при неформальном общении ученых всего мира. Настоящая книга дополняет небольшую (пока) коллекцию работ по R на русском языке, обобщая и значительно расширяя совокупность методических сообщений, опубликованных ранее одним из авторов в блоге \"R: Анализ и визуализация данных\". \n\nКнига адресована студентам, аспирантам, а также молодым и состоявшимся ученым, желающим освоить классические и современные методы анализа данных с использованием языка R.\n',2015,'cover',496,'978-5-97060-301-7',1,'2016-09-01 09:05:04',NULL),(36,'Computer Coding for Kid','Джон Вудкок','Программирование ― один из ключевых навыков, которому нужно обучать ребенка уже с младших классов. Компьютерный код ― тот же иностранный язык, только он позволяет разговаривать с компьютером, ставить ему задачи и контролировать их выполнение. И знание этого языка сегодня так же необходимо, как знание английского и математики.\n\nЭтот самоучитель познакомит вашего ребенка с основами программирования и научит двум наиболее распространенным языкам ― визуальному Scratch и текстовому Python.',2015,'cover',224,'978-5-00057-472-0',1,'2016-09-01 09:07:43',NULL),(37,'Exploring Arduino: Tools and Techniques for Engineering Wizardry','Джереми Блум','Книга посвящена проектированию электронных устройств на основе микроконтроллерной платформы Arduino. Приведены основные сведения об аппаратном и программном обеспечении Arduino. Изложены принципы программирования в интегрированной среде Arduino IDE. Показано, как анализировать электрические схемы, читать технические описания, выбирать подходящие детали для собственных проектов. Приведены примеры использования и описание различных датчиков, электродвигателей, сервоприводов, индикаторов, проводных и беспроводных интерфейсов передачи данных. В каждой главе перечислены используемые комплектующие, приведены монтажные схемы, подробно описаны листинги программ. Имеются ссылки на сайт информационной поддержки книги. Материал ориентирован на применение несложных и недорогих комплектующих для экспериментов в домашних условиях.',2015,'cover',336,'978-5-9775-3585-4',1,'2016-09-01 09:25:49',NULL),(38,'Программирование микроконтроллеров для начинающих и не только','А. Белов','Вы хотите научиться разрабатывать самостоятельно интересные устройства на микроконтроллерах? Хотите легко научиться придумывать схемы и писать программы? Тогда эта книга для вас! Новейший самоучитель позволит уверенно пройти путь от уровня, получившего меткое название \"чайник\", до вполне готового специалиста, умеющего самостоятельно разрабатывать готовые работоспособные микроэлектронные устройства. Процесс освоения начинается с азов цифровой техники (базовые элементы цифровой логики, теория цифрового сигнала, основы Булевой Алгебры, системы исчисления и т.п.). Следуя постепенно от простого к сложному, вы изучите основы микропроцессорной техники, возможности семейства микроконтроллеров на примере AVR. Ну и, наконец, вы освоите основы схемотехники и конструирования микроэлектронных устройств.',2016,'cover',352,'978-5-94387-867-1',1,'2016-09-01 10:00:32',NULL),(39,'The Internet of Things','Сэмюэл Грингард','Представьте: вы садитесь в машину, берете в руки книгу и отправляетесь в путь. Вам не нужно управлять машиной — она управляет собой сама. Вам даже не нужно говорить ей, куда ехать, потому что она уже сверилась с вашим ежедневником, а он, в свою очередь, сам себя заполнил, проверив вашу почту и электронный план тренировок. Автомобиль везет вас не в магазин, потому что дроны уже доставили продукты в ваш холодильник, который еще на прошлой неделе сам отправил заявку в интернет-магазин), и не на работу (необходимость в офисе давно отпала), а, скажем, в оперу. Такой мир предлагает нам Интернет вещей.',2016,'cover',188,'978-5-9614-5853-4',1,'2016-09-01 10:04:13',NULL),(40,'Sketching User Experiences: The Workbook','Сет Гринберг','Как максимально ускорить воплощение ваших дизайнерских идей? Нужно ли тратить время на эскизы? Как правильно использовать инструменты для создания набросков? В этом прекрасно иллюстрированном издании на примере реальных проектов рассказывается, почему создание UX-эскизов так необходимо для работы дизайнера. Описаны инструменты, приемы работы и методики создания эскизов. Продуманная структура книги, интересные упражнения и обилие иллюстраций позволяют быстро получить навык создания современного дизайна.\n\nКнига предназначена, прежде всего, для разработчиков пользовательских интерфейсов, мобильных приложений и веб-дизайнерам, но будет полезна всем дизайнерам, использующим UX. ',2014,'cover',272,'978-5-4461-0203-7',1,'2016-09-01 10:06:59',NULL),(41,'InDesign CS6','Александр Сераков','Новая версия программы InDesign CS6 принесла и новые возможности. Но ими, как и теми, что были в более ранних версиях программы, надо уметь пользоваться. И, прочтя эту книгу, вы сможете это делать в полной мере. Описанные в книге примеры и методы помогут вам решать свои собственные задачи, а опыт, накопленный авторами за долгие годы работы с InDesign, станет отличным подспорьем для достижения поставленных целей.',2013,'cover',208,'978-5-699-57904-4',1,'2016-09-01 10:08:47',NULL),(42,'Адаптивный дизайн. Делаем сайты для любых устройств','Тим Кедлек','Новые устройства и платформы появляются каждый день. У разработчиков мобильных приложений и сайтов существует реальная проблема: как корректно и качественно отобразить весь контент на экране любого размера и соотношения сторон. Для решения этой задачи предназначен адаптивный веб-дизайн. Целью адаптивного веб-дизайна является создание универсальных веб-сайтов и приложений для различных устройств. Для того чтобы с веб-сайтом или приложением было удобно работать на устройствах с различным разрешением и различного формата, по технологии адаптивного дизайна не нужно создавать отдельные версии для каждого вида устройств. Неважно, что будет использоваться для просмотра сайта: смартфон, планшет, ноутбук или телевизор, подключенный к Интернету. Книга Тима Кедлека, известного специалиста в области веб-дизайна, рассказывает, как грамотно создать сайт с использованием «резиновой верстки» модулей media queries и fluid media, как с самого начала правильно организовать рабочий процесс создания сайта в адаптивном дизайне и как учитывать особенности различных устройств.',2013,'cover',288,'978-5-496-00631-6',1,'2016-09-01 10:10:33',NULL),(43,'Android для разработчиков','Пол Дейтел, Харви Дейтел','Добро пожаловать в динамичный мир разработки приложений для смартфонов и планшетов Android с использованием Android Software Development Kit (SDK), языка программирования Java™, а также новой и стремительно развивающейся среды разработки Android Studio. В основе книги лежит принцип разработки, ориентированной на приложения, — концепции показаны на примере полностью работоспособных приложений Android, а не фрагментов кода. Более миллиона человек уже воспользовались книгами Дейтелов, чтобы освоить Java, C#, C++, C, JavaScript, XML, Visual Basic, Visual C++, Perl, Python и другие языки программирования. Третье издание этой книги позволит вам не только приступить к разработке приложений для Android , но и быстро опубликовать их в Google Play. Третье издание книги было полностью обновлено и познакомит вас с возможностями Android 6 и Android Studio.',2016,'cover',512,'978-5-496-02371-9, 978-013489366',1,'2016-09-01 11:04:24',NULL),(44,'Clean Code: A Handbook of Agile Software Craftsmanship','Роберт Мартин','Даже плохой программный код может работать. Однако если код не является \"чистым\", это всегда будет мешать развитию проекта и компании-разработчика, отнимая значительные ресурсы на его поддержку и \"укрощение\". Эта книга посвящена хорошему программированию. Она полна реальных примеров кода. Мы будем рассматривать код с различных направлений: сверху вниз, снизу вверх и даже изнутри. Прочитав книгу, вы узнаете много нового о коде. Более того, вы научитесь отличать хороший код от плохого. Вы узнаете, как писать хороший код и как преобразовать плохой код в хороший. \n\nКнига состоит из трех частей. В первой части излагаются принципы, паттерны и приемы написания чистого кода; приводится большой объем примеров кода.\n\nВторая часть состоит из практических сценариев нарастающей сложности. Каждый сценарий представляет собой упражнение по чистке кода или преобразованию проблемного кода в код с меньшим количеством проблем. Третья часть книги - концентрированное выражение ее сути. Она состоит из одной главы с перечнем эвристических правил и \"запахов кода\", собранных во время анализа. Эта часть представляет собой базу знаний, описывающую наш путь мышления в процессе чтения, написания и чистки кода.',2012,'cover',464,'978-5-459-00858-6#978-0132350884',1,'2016-09-01 11:06:04',NULL),(45,'Swift Pocket Reference: Programming for iOS and OS X','Энтони Грей','\n\nЭтот обновленный по версии Swift 2.1 краткий справочник карманного типа позволяет быстро найти ответы на вопросы, возникающие во время разработки и отладки прикладных программ на Swift - мультипарадигматическом языке программирования компании Apple. Он очень удобен для изучения современных языковых средств Swift, включая типовую безопасность, обобщения, определение типов, замыкания, кортежи, автоматическое управление памятью и поддержку Юникода. \n\nЯзык Swift специально предназначен для работы в средах Cocoa и Cocoa Touch и может использоваться совместно с языком Objective-C для обращения к прикладным программным интерфейсам, реализованным на обоих этих языках. Несмотря на то что язык Swift продолжает развиваться, уже ясно, что он имеет все предпосылки стать избранным средством для разработки программного обеспечения на платформах iOS и OS X.\n',2016,'cover',288,'978-5-8459-2088-1, 978-1-4919-4007-5',1,'2016-09-02 15:41:36',NULL),(46,'NoSQL Distilled: A Brief Guide to the Emerging World of Polyglot Persistence','Мартин Фаулер, Прамодкумар Дж. Садаладж','Необходимость обрабатывать все более крупные объемы данных является одним из факторов, влияющих на внедрение нового класса нереляционных баз данных NoSQL. Сторонники баз NoSQL утверждают, что их можно использовать для создания более производительных, легче масштабируемых и проще программируемых систем. В этой книге описано краткое, но полное введение в эту быстро развивающуюся технологию. Авторы объясняют, как работают базы данных NoSQL и демонстрируют, в каких ситуациях они могут стать более успешной альтернативой традиционным системам RDMBS. Авторы излагают материал в быстром темпе, знакомя читателей с критериями, которые необходимо применять, чтобы принять правильное решение, стоит ли использовать базы NoSQL, и какие технологии следует при этом выбирать.\n\nПервая часть книги посвящена основным концепциям, включая неструктурированные модели данных, агрегаты, новые модели распределения, теорему САР и отображение-свертку. Во второй части авторы исследуют архитектурные и проектные вопросы, связанные с реализацией баз данных NoSQL. Они также описывают реалистичные сценарии использования, демонстрирующие работу баз данных NoSQL и возможности баз Riak, MongoDB, Cassandra и Neo4j. Кроме того, основываясь на новаторской работе Прамодкумара Садаладжа, авторы книги показывают, как реализовать эволюционное проектирование на основе миграции схем - важный метод, необходимый для применения баз данных NoSQL. Книга завершается описанием новой эры многовариантной персистентности, открытой благодаря технологии NoSQL. В этом мире сосуществуют разнообразные базы данных, и архитектор может выбирать технологию, наилучшим образом подходящую для обеспечения любого вида доступа к данным.',2013,'cover',192,'978-5-8459-1829-1#978-0-321-82662-6',1,'2016-09-02 15:43:20',NULL),(47,'Head First Ruby','Джей Макгаврен','Вам интересно, почему буквально все вокруг заговорили о языке Ruby? Спросите себя прямо: Вам нравится работать эффективно? Неужели многочисленные компиляторы, библиотеки, классы, которыми грузят вас другие языки программирования, приближают вас к решению конкретной задачи, восхищению коллег и толпе счастливых заказчиков? Вы хотите, чтобы язык программирования занимался техническими подробностями вместо вас? Тогда бросайте рутинную работу и приступайте к решению конкретных задач, а язык Ruby сделает за вас все остальное.',2016,'cover',544,'978-5-496-02278-1',1,'2016-09-02 15:45:28',NULL),(48,'Practical Vim','Дрю Нейл','Vim – быстрый и эффективный текстовый редактор, способный повысить скорость и эффективность разработки. С помощью более ста рецептов вы быстро освоите основные возможности Vim и сможете заняться решением своих самых необычных задач, связанных с созданием и правкой текста.\n\nРедактируйте текст, внося повторяющиеся изменения с применением «Формулы точки». Решайте сложные задачи посредством сохранения последовательностей нажатий на клавиши в виде макросов. Применяйте одни и те же последовательности команд к выделенным строкам или к множеству открытых файлов. Откройте для себя ключ «самого волшебного» режима интерпретации регулярных выражений, конструируйте сложные шаблоны, выполняя итерации по истории поиска, пользуйтесь возможностью поиска сразу в нескольких файлах – все это доступно без установки дополнительных расширений!\n\nВ этой книге вы найдете новые и эффективные приемы работы с редактором, независимо от того, являетесь ли вы начинающим или опытным пользователем Vim.',2017,'cover',392,'978-5-97060-420-5',1,'2016-09-02 15:49:10',NULL),(49,'Web Development with Node andExpress: Leveraging the JavaScript Stack','Итан Браун','JavaScript - самый популярный язык написания клиентских сценариев. Это основополагающая технология для создания всевозможных анимаций и переходов. Без JavaScript практически невозможно обойтись, если требуется добиться современной функциональности на стороне клиента. Единственная проблема с JavaScript - он не прощает неуклюжего программирования. Экосистема Node помогает значительно повысить качество приложений - предоставляет фреймворки, библиотеки и утилиты, ускоряющие разработку и поощряющие написание хорошего кода.\n\nЭта книга предназначена для программистов, желающих создавать веб-приложения (обычные сайты, воплощающие REST интерфейсы программирования приложений или что-то среднее между ними) с использованием JavaScript, Node и Express. Для чтения книги вам не потребуется опыт работы с Node, однако необходим хотя бы небольшой опыт работы с JavaScript.',2017,'cover',336,'978-5-496-02156-2',1,'2016-09-02 15:53:16',NULL),(50,'Differential Equations andBoundary Value Problems: Computing and Modeling','Чарльз Генри Эдвардс, Дэвид Пенни','\n\nЭта книга-учебник представляет собой полный современный курс обыкновенных дифференциальных уравнений. Подробно освещены все темы, затрагиваемые в классических вводных курсах, включая и такие как применение матричных методов, операционного исчисления, а также степенных рядов и рядов Фурье. Не обойдены вниманием и современные исследования в области дифференциальных уравнений, такие как, например, хаос в динамических системах и нелинейные явления и системы. Особое внимание авторы уделяют численным методам и обучению построения математических моделей самых разнообразных (например, экологических, физических, инженерных) систем. Для изучения таких моделей авторы используют самые современные математические пакеты: MATLAB, Maple и Mathematica. Кроме того, для каждого раздела имеются задачи различной сложности, а также проекты для самостоятельной разработки студентами.\n\nКнига \"Дифференциальные уравнения и краевые задачи\" будет полезна всем, кто изучает дифференциальные уравнения - как математикам, так и студентам других специальностей - инженерам, физикам, химикам, биологам, географам и геологам.\n',2016,'cover',1104,'978-5-8459-1166-7, 0-13-065245-8',1,'2016-09-02 15:55:14',NULL),(51,'ATDD by Example: A Practical Guide to Acceptance Test-Driven Development','Маркус Гэртнер','Применяя методику разработки через приемочные тесты (ATDD), заказчики, разработчики и тестировщики получают возможность совместно сформулировать тестопригодные требования, что позволяет создавать высококачественное программное обеспечение в сжатые сроки. Однако на практике многие не понимают, в чем истинный смысл ATDD. Настоящая книга - первое практическое руководство начального уровня по внедрению и успешному применению этой методики. На примерах автор показывает, как применять ATDD, используя различные языки и каркасы. В результате проработки примеров порождаются различные артефакты: классы для автоматизации тестирования, определения шагов и полные реализации. На этих вполне реалистичных примерах автор иллюстрирует фундаментальные принципы ATDD, показывает место ATDD в общем процессе разработки, делится своим обширным опытом и предостерегает против типичных ошибок. Эта книга будет полезна тестировщикам, разработчикам, бизнес-аналитикам и руководителям проектов. Она позволит заложить прочный фундамент для получения первых результатов от внедрения ATDD уже сейчас и поможет добиться еще большего в будущем, по мере накопления опыта.',2013,'cover',232,'978-5-94074-572-3, 978-0-321-78415-5',1,'2016-09-02 15:56:59',NULL),(52,'Java in Easy Steps','Майк МакГрат','\n\nКнига \"Программирование на Java для начинающих\" является исчерпывающим руководством для того, чтобы научиться программировать на языке Java.\n\nВ этой книге с помощью примеров программ и иллюстраций, показывающих результаты работы кода, разбираются все ключевые аспекты языка Java. Установив свободно распространяемый Java Development Kit, вы с первого же дня сможете создавать свои собственные исполняемые программы! Познакомившись с основами языка, вы научитесь использовать основные возможности Java, необходимые для изучения операторов, операций обработки данных, импорта, создания интерфейсов и изготовления апплетов с использованием свободно распространяемого исходного кода.\n\nВы сможете использовать лямбда-выражения, библиотеку java.time и другие ключевые новшества версии Java 8.\n',2016,'cover',192,'978-5-699-85743-2',1,'2016-09-02 15:59:13',NULL),(53,'Natural Language Processing with Java','Ричард Риз','\n\nОбработка естественного языка (Natural Language Procession - NLP) представляет собой важную область разработки прикладного ПО и, с учетом современных задач ИТ, в будущем эта важность будет только возрастать. Уже сейчас наблюдается рост потребности в приложениях, работающих с естественными языками на основе NLP-методик. \n\nВ данной книге рассматриваются способы организации автоматической обработки текста с применением таких методик, как полнотекстовый поиск, правильное распознавание имен, кластеризация, классификация, извлечение информации и составление аннотаций. Концепции обработки естественного языка излагаются таким образом, что даже читатели, не обладающие знаниями об этой технологии и о методах статистического анализа, смогут понять их.\n',2016,'cover',264,'978-5-97060-331-4 , 978-1-78439-179-9',1,'2016-09-02 16:01:04',NULL),(54,'Essential Algorithms: A Practical Approach to Computer Algorithms','Род Стивенс','\n\nАлгоритмы - это рецепты, которые делают возможным эффективное программирование. Их изучение позволяет усвоить общие подходы к решению задач и накапливать полезные методики для их решения. В этой книге представлено множество классических алгоритмов; вы узнаете, где они применяются и как их анализировать, чтобы понять их поведение. \n\nЭта книга может быть полезной не только в вашей текущей профессиональной деятельности, но и может помочь вам получить новую работу.\n',2016,'cover',544,'978-5-699-81729-0',1,'2016-09-02 16:02:23',NULL),(55,'Algorithms in C++','Роберт Седжвик','Роберт Седжвик тщательно переписал, существенно расширил и обновил свою популярную книгу, чтобы получилось современное и исчерпывающее описание важных алгоритмов и структур данных. Вместе с Кристофером Ван Виком он разработал новые реализации на C++, которые выражают эти методы в сжатом, но наглядном виде, а также предоставляют программистам практические средства для их проверки в реальных приложениях.\n\nВ книге представлено много новых алгоритмов, а их объяснения гораздо более подробны, чем в предыдущем издании. Новая структура текста и подробные иллюстрации к нему вместе с сопутствующими комментариями значительно улучшают представление материала. Третье издание также содержит удачное сочетание теории и практики, которые делают работу Седжвика бесценным источником сведений для более чем 250 000 программистов!',2015,'cover',1056,'978-5-8459-2070-6',1,'2016-09-02 16:04:28',NULL),(56,'Core Java for the Impatient','Кей С. Хорстманн','В версии Java SE 8 внедрены значительные усовершенствования, оказывающие влияние на технологии и прикладные программные интерфейсы API, образующие ядро платформы Java. Многие из прежних принципов и приемов программирования на Java больше не нужны, а новые средства вроде лямбда-выражений повышают производительность труда программистов, хотя разобраться в этих нововведениях не так-то просто. \n\nЭта книга является полным, хотя и кратким справочником по версии Java SE 8. Она написана Кеем С.Хорстманном, автором книги Java SE 8. Вводный курс и классического двухтомного справочника по предыдущим версиям Java, и служит незаменимым учебным пособием для быстрого и легкого изучения этого языка и его библиотек. Учитывая масштабы Java и разнообразие новых языковых средств, внедренных в версии Java SE 8, материал этой книги подается небольшими порциями для быстроты усвоения и простоты понимания. ',2015,'cover',464,'978-5-8459-2004-1',1,'2016-09-02 16:05:57',NULL),(57,'C# 4.0: The Complete Reference','Герберт Шилдт','В этом полном руководстве по C# 4.0 - языку программирования, разработанному специально для среды .NET, - детально рассмотрены все основные средства языка: типы данных, операторы, управляющие операторы, классы, интерфейсы, методы, делегаты, индексаторы, события, указатели, обобщения, коллекции, основные библиотеки классов, средства многопоточного программирования и директивы препроцессора. Подробно описаны новые возможности C#, в том числе PLINQ, библиотека TPL, динамический тип данных, а также именованные и необязательные аргументы. Это справочное пособие снабжено массой полезных советов авторитетного автора и сотнями примеров программ с комментариями, благодаря которым они становятся понятными любому читателю независимо от уровня его подготовки.',2015,'cover',1056,'978-5-8459-1684-6, 0-07-174116-X ,978-5-8459-2015-7',1,'2016-09-02 16:09:34',NULL),(58,'Pro Spring','Кларенс Хо, Роб Харроп, Крис Шефер','нига представляет собой многолетний бестселлер, который обновлен с целью отражения функциональных средств, предлагаемых последней версией платформы Spring Framework 4. С выходом 4-го издания эта популярная книга безоговорочно считается наиболее исчерпывающим и авторитетным руководством по Spring.\n\nВы изучите основы и ключевые темы, связанные с платформой Spring. Авторы поделятся с вами собственным реальным опытом в области удаленной обработки, использования Hibernate и работы с EJB. Помимо основ вы научитесь применять Spring Framework для построения разнообразных уровней или частей корпоративного Java-приложения: транзакций, веб-уровня и уровня презентаций, развертывания и многого другого.',2015,'cover',752,'978-5-8459-1992-2',1,'2016-09-02 16:14:40',NULL),(59,'Язык программирования Java SE 8. Подробное описание','Джеймс Гослинг','Эта книга написана разработчиками языка Java и является полным техническим справочником по этому языку программирования. Она обеспечивает полный, точный и подробный охват всех аспектов языка программирования Java. В ней полностью описаны новые возможности, добавленные в Java SE 8, включая лямбда-выражения, ссылки на методы, методы по умолчанию, аннотации типов и повторяющиеся аннотации. В книгу также включено множество поясняющих примечаний. В ней аккуратно обозначены отличия формальных правила языка от практического поведения компиляторов.',2015,'cover',672,'978-5-8459-1875-8',1,'2016-09-02 16:16:16',NULL),(60,'C Primer Plus','Стивен Прата','Эта книга представляет собой тщательно проверенное, хорошо продуманное и всеобъемлющее учебное пособие, предназначенное для программистов и разработчиков. Ставшая классикой в области вычислений, она обучает принципам программирования, в том числе структуризации кода и нисходящему проектированию.\n\nАвтор и преподаватель Стивен Прата создал поучительное, ясное и проницательное введение в C. Наряду с деталями языка C объясняются фундаментальные концепции программирования. Многочисленные короткие практические примеры иллюстрируют только одну или две концепции за раз и поощряют читателей проработать новые темы, непосредственно приступив к реальному их использованию.',2015,'cover',928,'978-5-8459-1950-2 , 978-0-321-92842-9',1,'2016-09-02 16:17:52',NULL),(61,'Алгоритмы. Руководство по разработке','Стивен Скиена','Книга является наиболее полным руководством по разработке эффективных алгоритмов. Первая часть книги содержит практические рекомендации по разработке алгоритмов: приводятся основные понятия, дается анализ алгоритмов, рассматриваются типы структур данных, основные алгоритмы сортировки, операции обхода графов и алгоритмы для работы со взвешенными графами, примеры использования комбинаторного поиска, эвристических методов и динамического программирования. Вторая часть книги содержит обширный список литературы и каталог из 75 наиболее распространенных алгоритмических задач, для которых перечислены существующие программные реализации. Приведены многочисленные примеры задач.',2013,'cover',720,'978-5-9775-0560-4',1,'2016-09-02 16:21:09',NULL),(62,'Advanced Qt Programming: Creating Great Software with C++ and Qt 4','Марк Саммерфилд','Qt представляет собой мощную библиотеку разработки кроссплатформенных приложений - настольных, сетевых и для мобильных устройств. Но нередко даже опытные Qt-программисты используют лишь малую часть заложенных в ней возможностей.\n\nКнига Марка Саммерфилда открывает путь к овладению разнообразными паттернами и приемами создания приложений с использованием Qt. Разработчики узнают, как в полной мере воспользоваться самыми ценными из новых API, появившихся в последних версиях. Основное внимание уделено подходам, обладающим наибольшей эффективностью и гибкостью, но при этом не создающим дополнительных сложностей.',2011,'cover',560,'978-5-93286-207-0#978-0-321-63590-7',1,'2016-09-02 16:23:11',NULL),(63,'Domain-Driven Design: Tackling Complexity in the Heart of Software','Эрик Эванс','Классическая книга Эванса освещает наиболее общий, стратегический круг вопросов, связанных с объектно-ориентированной разработкой программного обеспечения. Это переработка и структуризация знаний о предметных областях, применение типовых архитектурных шаблонов, построение и анализ моделей предметных областей, проектирование программных объектов с точки зрения качества их взаимодействия и передачи логической структуры знаний, организация программ на основе крупномасштабных структур, выработка общего языка и стратегии коммуникации в группе. Подход автора строится на динамичном рефакторинге модели и постоянной дистилляции знаний. Это позволяет достигнуть высокой степени гармонии между логикой предметной области и кодом программы, а также достаточной гибкости программной архитектуры для целей удобной доработки и интеграции программного обеспечения',2010,'cover',448,'978-5-8459-1597-9',1,'2016-09-02 16:26:51',NULL),(64,'Linux Kernel Development','Роберт Лав','В этой книге описаны основные принципы проектирования и детали реализации ядра Linux. Материал представлен в форме, удобной как для тех, кто занимается разработкой кода ядра, так и для программистов, которые хотят лучше понять особенности работы операционных систем и соответственно разрабатывать более эффективные прикладные программы. В книге детально рассмотрены основные подсистемы и функции ядра Linux, особенности их построения, реализации и соответствующие программные интерфейсы. При этом ядро рассматривается под разными углами: теоретическим и прикладным, что может привлечь читателей с различными интересами и запросами. Автор книги является разработчиком основных подсистем ядра Linux. Он делится своим бесценным опытом и знаниями по ядрам Linux серии 2.6. Рассмотренные вопросы включают управление процессами, системный планировщик, отсчет времени и таймеры ядра, интерфейс вызовов системных функций, особенности адресации и управления памятью, страничный кеш, подсистема VFS, механизмы синхронизации, проблемы переносимости и особенности отладки. В книге также рассмотрены интересные новшества, которые появились в ядрах серии 2.6, такие как планировщик CFS, мультипрограммный режим работы ядра, уровень блочного ввода-вывода и планировщики ввода-вывода. В третье издание этой книги включен ряд новых материалов, а старые главы подверглись существенному обновлению.',2013,'cover',496,'978-5-8459-1779-9',1,'2016-09-02 16:28:11',NULL),(65,'Git для профессионального программиста','Скотт Чакон','Эта книга представляет собой обновленное руководство по использованию Git в современных условиях. С тех пор как проект Git - распределенная система управления версиями - был создан Линусом Торвальдсом, прошло много лет, и система Git превратилась в доминирующую систему контроля версий, как для коммерческих целей, так и для проектов с открытым исходным кодом. Эффективный и хорошо реализованный контроль версий необходим для любого успешного веб-проекта. Постепенно эту систему приняли на вооружение практически все сообщества разработчиков ПО с открытым исходным кодом. Появление огромного числа графических интерфейсов для всех платформ и поддержка IDE позволили внедрить Git в операционные системы семейства Windows. Второе издание книги было обновлено для Git-версии 2.0 и уделяет большое внимание GitHub.',2016,'cover',496,'978-5-496-01763-3',1,'2016-09-02 16:29:43',NULL),(66,'Discrete Mathematics withCombinatorics','Джеймс Андерсон','Данная книга содержит доступное для начинающего читателя и достаточно полное изложение основных разделов дискретной математики. Особое внимание в ней уделено математической логике. Автор считает это важным как для развития техники доказательств, так и в более широком аспекте развития логического мышления. Кроме оснований математической логики, в книге изложены основы теории множеств, теории графов, теории алгоритмов, комбинаторики, элементы теории вероятностей. Она содержит обширные сведения по алгебре и теории чисел. \nКнига планировалась автором как основа семестрового или годичного курса по дискретной математике. Чтение книги требует некоторой математической культуры, хотя для изучения основных глав достаточно будет знаний по математике в объеме средней школы. Основной текст сопровождается многочисленными примерами, в конце каждого разделе дано большое количество упражнений. ',216,'960',960,'978-5-8459-2065-2, 0-13-086998-8',1,'2016-09-05 19:56:52',NULL);
/*!40000 ALTER TABLE `books` ENABLE KEYS */;
UNLOCK TABLES;

--
-- Table structure for table `comments`
--

DROP TABLE IF EXISTS `comments`;
/*!40101 SET @saved_cs_client     = @@character_set_client */;
/*!40101 SET character_set_client = utf8 */;
CREATE TABLE `comments` (
  `book_id` int(10) NOT NULL,
  `reader_id` int(10) NOT NULL,
  `comment` text COLLATE utf8mb4_unicode_ci NOT NULL,
  KEY `book_id` (`book_id`),
  KEY `reader_id` (`reader_id`),
  CONSTRAINT `comments_ibfk_1` FOREIGN KEY (`book_id`) REFERENCES `books` (`book_id`) ON DELETE CASCADE,
  CONSTRAINT `comments_ibfk_2` FOREIGN KEY (`reader_id`) REFERENCES `readers` (`reader_id`) ON DELETE CASCADE
) ENGINE=InnoDB DEFAULT CHARSET=utf8mb4 COLLATE=utf8mb4_unicode_ci;
/*!40101 SET character_set_client = @saved_cs_client */;

--
-- Dumping data for table `comments`
--

LOCK TABLES `comments` WRITE;
/*!40000 ALTER TABLE `comments` DISABLE KEYS */;
/*!40000 ALTER TABLE `comments` ENABLE KEYS */;
UNLOCK TABLES;

--
-- Table structure for table `events`
--

DROP TABLE IF EXISTS `events`;
/*!40101 SET @saved_cs_client     = @@character_set_client */;
/*!40101 SET character_set_client = utf8 */;
CREATE TABLE `events` (
  `event_id` int(10) NOT NULL AUTO_INCREMENT,
  `book_id` int(10) NOT NULL,
  `reader_id` int(10) NOT NULL,
  `date` timestamp NOT NULL DEFAULT CURRENT_TIMESTAMP,
  `term` int(2) NOT NULL,
  `pawn` int(10) NOT NULL,
  PRIMARY KEY (`event_id`),
  KEY `book_id` (`book_id`),
  KEY `reader_id` (`reader_id`),
  CONSTRAINT `events_ibfk_1` FOREIGN KEY (`book_id`) REFERENCES `books` (`book_id`) ON DELETE CASCADE,
  CONSTRAINT `events_ibfk_2` FOREIGN KEY (`reader_id`) REFERENCES `readers` (`reader_id`) ON DELETE CASCADE
) ENGINE=InnoDB AUTO_INCREMENT=16 DEFAULT CHARSET=utf8mb4 COLLATE=utf8mb4_unicode_ci;
/*!40101 SET character_set_client = @saved_cs_client */;

--
-- Dumping data for table `events`
--

LOCK TABLES `events` WRITE;
/*!40000 ALTER TABLE `events` DISABLE KEYS */;
INSERT INTO `events` VALUES (5,23,4,'2016-08-25 00:00:00',2,127),(7,23,5,'2016-08-31 20:29:56',5,2),(8,26,17,'2016-09-02 14:15:26',30,100),(9,22,18,'2016-09-02 15:18:10',2016,150),(10,37,19,'2016-09-02 20:00:27',2016,250),(11,37,20,'2016-09-02 20:32:11',2016,1223),(12,25,21,'2016-09-02 20:55:19',2016,123),(13,29,22,'2016-09-03 16:32:13',2016,2),(14,27,23,'2016-09-05 19:22:55',11,234),(15,23,24,'2016-09-05 21:40:08',1,1);
/*!40000 ALTER TABLE `events` ENABLE KEYS */;
UNLOCK TABLES;

--
-- Table structure for table `queue`
--

DROP TABLE IF EXISTS `queue`;
/*!40101 SET @saved_cs_client     = @@character_set_client */;
/*!40101 SET character_set_client = utf8 */;
CREATE TABLE `queue` (
  `book_id` int(10) NOT NULL,
  `email` text COLLATE utf8mb4_unicode_ci NOT NULL,
  KEY `FK_queue` (`book_id`),
  CONSTRAINT `FK_queue` FOREIGN KEY (`book_id`) REFERENCES `books` (`book_id`) ON DELETE CASCADE
) ENGINE=InnoDB DEFAULT CHARSET=utf8mb4 COLLATE=utf8mb4_unicode_ci;
/*!40101 SET character_set_client = @saved_cs_client */;

--
-- Dumping data for table `queue`
--

LOCK TABLES `queue` WRITE;
/*!40000 ALTER TABLE `queue` DISABLE KEYS */;
INSERT INTO `queue` VALUES (22,'amfree@mail.ru'),(22,'info.tehnokot@gmail.com'),(22,'rshmelev@gmail.com'),(23,'rshmelev@gmail.com'),(27,'amfree@mail.ru'),(26,'dmitriy.malyarenko@gmail.com'),(23,'sfasf@fdfsfs.com'),(29,'amfree@mail.ru'),(26,'andron989@gmail.com'),(29,'andron989@gmail.com');
/*!40000 ALTER TABLE `queue` ENABLE KEYS */;
UNLOCK TABLES;

--
-- Table structure for table `readers`
--

DROP TABLE IF EXISTS `readers`;
/*!40101 SET @saved_cs_client     = @@character_set_client */;
/*!40101 SET character_set_client = utf8 */;
CREATE TABLE `readers` (
  `reader_id` int(10) NOT NULL AUTO_INCREMENT,
  `name` text COLLATE utf8mb4_unicode_ci NOT NULL,
  `email` text COLLATE utf8mb4_unicode_ci NOT NULL,
  `phone` int(10) NOT NULL,
  PRIMARY KEY (`reader_id`)
) ENGINE=InnoDB AUTO_INCREMENT=25 DEFAULT CHARSET=utf8mb4 COLLATE=utf8mb4_unicode_ci;
/*!40101 SET character_set_client = @saved_cs_client */;

--
-- Dumping data for table `readers`
--

LOCK TABLES `readers` WRITE;
/*!40000 ALTER TABLE `readers` DISABLE KEYS */;
INSERT INTO `readers` VALUES (4,'Dmitriy Malyarenko','dmitriy.malyarenko@gmail.com',993554752),(5,'Александр Белоконь','amfree@mail.ru',999297629),(6,'da','rshmelev@gmail.com',34343434),(7,'kk','Kocmuk90@gmail.com',955616488),(8,'kk','Kocmuk90@gmail.com',955616488),(9,'kk','Kocmuk90@gmail.com',955616488),(10,'kk','Kocmuk90@gmail.com',955616488),(11,'Александр Белоконь','amfree@mail.ru',999297629),(12,'krusso','kstn.russo@gmail.com',955616488),(13,'krusso','kstn.russo@gmail.com',955616488),(14,'krusso','kstn.russo@gmail.com',955616488),(15,'krusso','kstn.russo@gmail.com',999999999),(16,'Dmitriy Malyarenko','demitriy.s@gmail.com',23232323),(17,'Dmitriy Malyarenko','dmitriy.malyarenko@gmail.com',1234567),(18,'name','asdad@goo.com',44444),(19,'Sergey Kobzin','sergey.kobzin@gmail.com',950765296),(20,'Sergey Kobzin','sergey.kobzin@gmail.com',950765296),(21,'Sergey Kobzin','sergey.kobzin@gmail.com',950765296),(22,'Александр Белоконь','amfree@mail.ru',3434343),(23,'dfdfdfd','ddfdf@gfgfg.com',232323),(24,'ad','amfree@mail.ru',777);
/*!40000 ALTER TABLE `readers` ENABLE KEYS */;
UNLOCK TABLES;
/*!40103 SET TIME_ZONE=@OLD_TIME_ZONE */;

/*!40101 SET SQL_MODE=@OLD_SQL_MODE */;
/*!40014 SET FOREIGN_KEY_CHECKS=@OLD_FOREIGN_KEY_CHECKS */;
/*!40014 SET UNIQUE_CHECKS=@OLD_UNIQUE_CHECKS */;
/*!40101 SET CHARACTER_SET_CLIENT=@OLD_CHARACTER_SET_CLIENT */;
/*!40101 SET CHARACTER_SET_RESULTS=@OLD_CHARACTER_SET_RESULTS */;
/*!40101 SET COLLATION_CONNECTION=@OLD_COLLATION_CONNECTION */;
/*!40111 SET SQL_NOTES=@OLD_SQL_NOTES */;

-- Dump completed on 2016-09-06 19:40:19
